batch.name,treatment,control
f1.PHLC402.TPX.crizotinib,"f1.PHLC402.TPX.crizotinib.P601,f1.PHLC402.TPX.crizotinib.P602,f1.PHLC402.TPX.crizotinib.P604,f1.PHLC402.TPX.crizotinib.P605,f1.PHLC402.TPX.crizotinib.P606,f1.PHLC402.TPX.crizotinib.P611,f1.PHLC402.TPX.crizotinib.P612","f1.PHLC402.TPX.control.P603,f1.PHLC402.TPX.control.P607,f1.PHLC402.TPX.control.P608,f1.PHLC402.TPX.control.P609,f1.PHLC402.TPX.control.P610,f1.PHLC402.TPX.control.P613"
f2.PHLC402.TPX.crizotinib,"f2.PHLC402.TPX.crizotinib.P501,f2.PHLC402.TPX.crizotinib.P502,f2.PHLC402.TPX.crizotinib.P504,f2.PHLC402.TPX.crizotinib.P509,f2.PHLC402.TPX.crizotinib.P512","f2.PHLC402.TPX.control.P503,f2.PHLC402.TPX.control.P505,f2.PHLC402.TPX.control.P507,f2.PHLC402.TPX.control.P510,f2.PHLC402.TPX.control.P513"
f3.PHLC137.TPX.palbociclib,"f3.PHLC137.TPX.palbociclib.P801,f3.PHLC137.TPX.palbociclib.P805,f3.PHLC137.TPX.palbociclib.P807,f3.PHLC137.TPX.palbociclib.P809,f3.PHLC137.TPX.palbociclib.P811","f3.PHLC137.TPX.control.P802,f3.PHLC137.TPX.control.P803,f3.PHLC137.TPX.control.P806,f3.PHLC137.TPX.control.P808,f3.PHLC137.TPX.control.P810,f3.PHLC137.TPX.control.P812"
f4.PHLC191.TPX.palbociclib,"f4.PHLC191.TPX.palbociclib.P601,f4.PHLC191.TPX.palbociclib.P603,f4.PHLC191.TPX.palbociclib.P605,f4.PHLC191.TPX.palbociclib.P609,f4.PHLC191.TPX.palbociclib.P610,f4.PHLC191.TPX.palbociclib.P612","f4.PHLC191.TPX.control.P602,f4.PHLC191.TPX.control.P604,f4.PHLC191.TPX.control.P606,f4.PHLC191.TPX.control.P607,f4.PHLC191.TPX.control.P608,f4.PHLC191.TPX.control.P611"
f5.PHLC228.TPX.palbociclib,"f5.PHLC228.TPX.palbociclib.P501,f5.PHLC228.TPX.palbociclib.P502,f5.PHLC228.TPX.palbociclib.P503,f5.PHLC228.TPX.palbociclib.P509,f5.PHLC228.TPX.palbociclib.P510,f5.PHLC228.TPX.palbociclib.P511","f5.PHLC228.TPX.control.P504,f5.PHLC228.TPX.control.P505,f5.PHLC228.TPX.control.P506,f5.PHLC228.TPX.control.P507,f5.PHLC228.TPX.control.P508"
f6.PHLC108.TPX.Vandetanib,"f6.PHLC108.TPX.Vandetanib.P803,f6.PHLC108.TPX.Vandetanib.P804,f6.PHLC108.TPX.Vandetanib.P809,f6.PHLC108.TPX.Vandetanib.P811,f6.PHLC108.TPX.Vandetanib.P813,f6.PHLC108.TPX.Vandetanib.P814","f6.PHLC108.TPX.control.P805,f6.PHLC108.TPX.control.P807,f6.PHLC108.TPX.control.P808,f6.PHLC108.TPX.control.P815"
f6.PHLC108.TPX.dacomitinib,"f6.PHLC108.TPX.dacomitinib.P801,f6.PHLC108.TPX.dacomitinib.P802,f6.PHLC108.TPX.dacomitinib.P806,f6.PHLC108.TPX.dacomitinib.P810,f6.PHLC108.TPX.dacomitinib.P812,f6.PHLC108.TPX.dacomitinib.P816","f6.PHLC108.TPX.control.P805,f6.PHLC108.TPX.control.P807,f6.PHLC108.TPX.control.P808,f6.PHLC108.TPX.control.P815"
f7.PHLC137.TPX.erlotinib,"f7.PHLC137.TPX.erlotinib.P1221,f7.PHLC137.TPX.erlotinib.P1222,f7.PHLC137.TPX.erlotinib.P1224,f7.PHLC137.TPX.erlotinib.P1225,f7.PHLC137.TPX.erlotinib.P1226,f7.PHLC137.TPX.erlotinib.P1229,f7.PHLC137.TPX.erlotinib.P1231,f7.PHLC137.TPX.erlotinib.P1238,f7.PHLC137.TPX.erlotinib.P1239,f7.PHLC137.TPX.erlotinib.P1241",
f8.PHLC137.TPX.erlotinib,"f8.PHLC137.TPX.erlotinib.P1202,f8.PHLC137.TPX.erlotinib.P1204,f8.PHLC137.TPX.erlotinib.P1207,f8.PHLC137.TPX.erlotinib.P1209,f8.PHLC137.TPX.erlotinib.P1212,f8.PHLC137.TPX.erlotinib.P1213","f8.PHLC137.TPX.control.P1201,f8.PHLC137.TPX.control.P1203,f8.PHLC137.TPX.control.P1205,f8.PHLC137.TPX.control.P1208,f8.PHLC137.TPX.control.P1210,f8.PHLC137.TPX.control.P1211"
f9.PHLC137.TPX.dacomitinib,"f9.PHLC137.TPX.dacomitinib.P704,f9.PHLC137.TPX.dacomitinib.P706,f9.PHLC137.TPX.dacomitinib.P708,f9.PHLC137.TPX.dacomitinib.P714,f9.PHLC137.TPX.dacomitinib.P717,f9.PHLC137.TPX.dacomitinib.P718","f9.PHLC137.TPX.control.P701,f9.PHLC137.TPX.control.P707,f9.PHLC137.TPX.control.P709,f9.PHLC137.TPX.control.P713,f9.PHLC137.TPX.control.P715"
f9.PHLC137.TPX.erlotinib,"f9.PHLC137.TPX.erlotinib.P703,f9.PHLC137.TPX.erlotinib.P705,f9.PHLC137.TPX.erlotinib.P710,f9.PHLC137.TPX.erlotinib.P711,f9.PHLC137.TPX.erlotinib.P712,f9.PHLC137.TPX.erlotinib.P716","f9.PHLC137.TPX.control.P701,f9.PHLC137.TPX.control.P707,f9.PHLC137.TPX.control.P709,f9.PHLC137.TPX.control.P713,f9.PHLC137.TPX.control.P715"
f10.PHLC148.TPX.crizotinib,"f10.PHLC148.TPX.crizotinib.P1106,f10.PHLC148.TPX.crizotinib.P1109,f10.PHLC148.TPX.crizotinib.P1110,f10.PHLC148.TPX.crizotinib.P1114,f10.PHLC148.TPX.crizotinib.P1120,f10.PHLC148.TPX.crizotinib.P1121,f10.PHLC148.TPX.crizotinib.P1123","f10.PHLC148.TPX.control.P1101,f10.PHLC148.TPX.control.P1104,f10.PHLC148.TPX.control.P1107,f10.PHLC148.TPX.control.P1113,f10.PHLC148.TPX.control.P1117,f10.PHLC148.TPX.control.P1126"
f10.PHLC148.TPX.erlotinib,"f10.PHLC148.TPX.erlotinib.P1102,f10.PHLC148.TPX.erlotinib.P1105,f10.PHLC148.TPX.erlotinib.P1112,f10.PHLC148.TPX.erlotinib.P1115,f10.PHLC148.TPX.erlotinib.P1118,f10.PHLC148.TPX.erlotinib.P1119,f10.PHLC148.TPX.erlotinib.P1122","f10.PHLC148.TPX.control.P1101,f10.PHLC148.TPX.control.P1104,f10.PHLC148.TPX.control.P1107,f10.PHLC148.TPX.control.P1113,f10.PHLC148.TPX.control.P1117,f10.PHLC148.TPX.control.P1126"
f10.PHLC148.TPX.erlotinib+crizotinib,"f10.PHLC148.TPX.erlotinib+crizotinib.P1103,f10.PHLC148.TPX.erlotinib+crizotinib.P1108,f10.PHLC148.TPX.erlotinib+crizotinib.P1111,f10.PHLC148.TPX.erlotinib+crizotinib.P1116,f10.PHLC148.TPX.erlotinib+crizotinib.P1124,f10.PHLC148.TPX.erlotinib+crizotinib.P1125,f10.PHLC148.TPX.erlotinib+crizotinib.P1127","f10.PHLC148.TPX.control.P1101,f10.PHLC148.TPX.control.P1104,f10.PHLC148.TPX.control.P1107,f10.PHLC148.TPX.control.P1113,f10.PHLC148.TPX.control.P1117,f10.PHLC148.TPX.control.P1126"
f11.PHLC148.TPX.dacomitinib,"f11.PHLC148.TPX.dacomitinib.P603,f11.PHLC148.TPX.dacomitinib.P605,f11.PHLC148.TPX.dacomitinib.P607,f11.PHLC148.TPX.dacomitinib.P613,f11.PHLC148.TPX.dacomitinib.P615,f11.PHLC148.TPX.dacomitinib.P617","f11.PHLC148.TPX.control.P601,f11.PHLC148.TPX.control.P602,f11.PHLC148.TPX.control.P606,f11.PHLC148.TPX.control.P608,f11.PHLC148.TPX.control.P609,f11.PHLC148.TPX.control.P614"
f11.PHLC148.TPX.erlotinib,"f11.PHLC148.TPX.erlotinib.P604,f11.PHLC148.TPX.erlotinib.P610,f11.PHLC148.TPX.erlotinib.P611,f11.PHLC148.TPX.erlotinib.P612,f11.PHLC148.TPX.erlotinib.P616,f11.PHLC148.TPX.erlotinib.P618","f11.PHLC148.TPX.control.P601,f11.PHLC148.TPX.control.P602,f11.PHLC148.TPX.control.P606,f11.PHLC148.TPX.control.P608,f11.PHLC148.TPX.control.P609,f11.PHLC148.TPX.control.P614"
f12.PHLC148.TPX.afatinib,"f12.PHLC148.TPX.afatinib.P805,f12.PHLC148.TPX.afatinib.P806,f12.PHLC148.TPX.afatinib.P811,f12.PHLC148.TPX.afatinib.P814,f12.PHLC148.TPX.afatinib.P815","f12.PHLC148.TPX.control.P801,f12.PHLC148.TPX.control.P803,f12.PHLC148.TPX.control.P804,f12.PHLC148.TPX.control.P808,f12.PHLC148.TPX.control.P810"
f12.PHLC148.TPX.cetuximab,"f12.PHLC148.TPX.cetuximab.P802,f12.PHLC148.TPX.cetuximab.P809,f12.PHLC148.TPX.cetuximab.P812,f12.PHLC148.TPX.cetuximab.P813,f12.PHLC148.TPX.cetuximab.P816","f12.PHLC148.TPX.control.P801,f12.PHLC148.TPX.control.P803,f12.PHLC148.TPX.control.P804,f12.PHLC148.TPX.control.P808,f12.PHLC148.TPX.control.P810"
f13.PHLC164.TPX.RO599,"f13.PHLC164.TPX.RO599.P103,f13.PHLC164.TPX.RO599.P115,f13.PHLC164.TPX.RO599.P121,f13.PHLC164.TPX.RO599.P161,f13.PHLC164.TPX.RO599.P162,f13.PHLC164.TPX.RO599.P171,f13.PHLC164.TPX.RO599.P184,f13.PHLC164.TPX.RO599.P185,f13.PHLC164.TPX.RO599.P24,f13.PHLC164.TPX.RO599.P61,f13.PHLC164.TPX.RO599.P62","f13.PHLC164.TPX.control.P102,f13.PHLC164.TPX.control.P11,f13.PHLC164.TPX.control.P111,f13.PHLC164.TPX.control.P122,f13.PHLC164.TPX.control.P123,f13.PHLC164.TPX.control.P131,f13.PHLC164.TPX.control.P135,f13.PHLC164.TPX.control.P145,f13.PHLC164.TPX.control.P154,f13.PHLC164.TPX.control.P172,f13.PHLC164.TPX.control.P175,f13.PHLC164.TPX.control.P194,f13.PHLC164.TPX.control.P52,f13.PHLC164.TPX.control.P53,f13.PHLC164.TPX.control.P75,f13.PHLC164.TPX.control.P81,f13.PHLC164.TPX.control.P82,f13.PHLC164.TPX.control.P84"
f13.PHLC164.TPX.cetuximab,"f13.PHLC164.TPX.cetuximab.P112,f13.PHLC164.TPX.cetuximab.P13,f13.PHLC164.TPX.cetuximab.P133,f13.PHLC164.TPX.cetuximab.P141,f13.PHLC164.TPX.cetuximab.P15,f13.PHLC164.TPX.cetuximab.P153,f13.PHLC164.TPX.cetuximab.P163,f13.PHLC164.TPX.cetuximab.P183,f13.PHLC164.TPX.cetuximab.P192,f13.PHLC164.TPX.cetuximab.P23,f13.PHLC164.TPX.cetuximab.P25,f13.PHLC164.TPX.cetuximab.P44,f13.PHLC164.TPX.cetuximab.P74","f13.PHLC164.TPX.control.P102,f13.PHLC164.TPX.control.P11,f13.PHLC164.TPX.control.P111,f13.PHLC164.TPX.control.P122,f13.PHLC164.TPX.control.P123,f13.PHLC164.TPX.control.P131,f13.PHLC164.TPX.control.P135,f13.PHLC164.TPX.control.P145,f13.PHLC164.TPX.control.P154,f13.PHLC164.TPX.control.P172,f13.PHLC164.TPX.control.P175,f13.PHLC164.TPX.control.P194,f13.PHLC164.TPX.control.P52,f13.PHLC164.TPX.control.P53,f13.PHLC164.TPX.control.P75,f13.PHLC164.TPX.control.P81,f13.PHLC164.TPX.control.P82,f13.PHLC164.TPX.control.P84"
f13.PHLC164.TPX.cetuximab+RO599,"f13.PHLC164.TPX.cetuximab+RO599.P113,f13.PHLC164.TPX.cetuximab+RO599.P114,f13.PHLC164.TPX.cetuximab+RO599.P124,f13.PHLC164.TPX.cetuximab+RO599.P165,f13.PHLC164.TPX.cetuximab+RO599.P173,f13.PHLC164.TPX.cetuximab+RO599.P174,f13.PHLC164.TPX.cetuximab+RO599.P191,f13.PHLC164.TPX.cetuximab+RO599.P22,f13.PHLC164.TPX.cetuximab+RO599.P33,f13.PHLC164.TPX.cetuximab+RO599.P35,f13.PHLC164.TPX.cetuximab+RO599.P42,f13.PHLC164.TPX.cetuximab+RO599.P64,f13.PHLC164.TPX.cetuximab+RO599.P91,f13.PHLC164.TPX.cetuximab+RO599.P92","f13.PHLC164.TPX.control.P102,f13.PHLC164.TPX.control.P11,f13.PHLC164.TPX.control.P111,f13.PHLC164.TPX.control.P122,f13.PHLC164.TPX.control.P123,f13.PHLC164.TPX.control.P131,f13.PHLC164.TPX.control.P135,f13.PHLC164.TPX.control.P145,f13.PHLC164.TPX.control.P154,f13.PHLC164.TPX.control.P172,f13.PHLC164.TPX.control.P175,f13.PHLC164.TPX.control.P194,f13.PHLC164.TPX.control.P52,f13.PHLC164.TPX.control.P53,f13.PHLC164.TPX.control.P75,f13.PHLC164.TPX.control.P81,f13.PHLC164.TPX.control.P82,f13.PHLC164.TPX.control.P84"
f13.PHLC164.TPX.dacomitinib,"f13.PHLC164.TPX.dacomitinib.P12,f13.PHLC164.TPX.dacomitinib.P143,f13.PHLC164.TPX.dacomitinib.P43,f13.PHLC164.TPX.dacomitinib.P85","f13.PHLC164.TPX.control.P102,f13.PHLC164.TPX.control.P11,f13.PHLC164.TPX.control.P111,f13.PHLC164.TPX.control.P122,f13.PHLC164.TPX.control.P123,f13.PHLC164.TPX.control.P131,f13.PHLC164.TPX.control.P135,f13.PHLC164.TPX.control.P145,f13.PHLC164.TPX.control.P154,f13.PHLC164.TPX.control.P172,f13.PHLC164.TPX.control.P175,f13.PHLC164.TPX.control.P194,f13.PHLC164.TPX.control.P52,f13.PHLC164.TPX.control.P53,f13.PHLC164.TPX.control.P75,f13.PHLC164.TPX.control.P81,f13.PHLC164.TPX.control.P82,f13.PHLC164.TPX.control.P84"
f13.PHLC164.TPX.erlotinib,"f13.PHLC164.TPX.erlotinib.P101,f13.PHLC164.TPX.erlotinib.P125,f13.PHLC164.TPX.erlotinib.P144,f13.PHLC164.TPX.erlotinib.P151,f13.PHLC164.TPX.erlotinib.P164,f13.PHLC164.TPX.erlotinib.P182,f13.PHLC164.TPX.erlotinib.P193,f13.PHLC164.TPX.erlotinib.P54,f13.PHLC164.TPX.erlotinib.P55,f13.PHLC164.TPX.erlotinib.P73,f13.PHLC164.TPX.erlotinib.P83,f13.PHLC164.TPX.erlotinib.P93","f13.PHLC164.TPX.control.P102,f13.PHLC164.TPX.control.P11,f13.PHLC164.TPX.control.P111,f13.PHLC164.TPX.control.P122,f13.PHLC164.TPX.control.P123,f13.PHLC164.TPX.control.P131,f13.PHLC164.TPX.control.P135,f13.PHLC164.TPX.control.P145,f13.PHLC164.TPX.control.P154,f13.PHLC164.TPX.control.P172,f13.PHLC164.TPX.control.P175,f13.PHLC164.TPX.control.P194,f13.PHLC164.TPX.control.P52,f13.PHLC164.TPX.control.P53,f13.PHLC164.TPX.control.P75,f13.PHLC164.TPX.control.P81,f13.PHLC164.TPX.control.P82,f13.PHLC164.TPX.control.P84"
f13.PHLC164.TPX.erlotinib+RO599,"f13.PHLC164.TPX.erlotinib+RO599.P104,f13.PHLC164.TPX.erlotinib+RO599.P132,f13.PHLC164.TPX.erlotinib+RO599.P14,f13.PHLC164.TPX.erlotinib+RO599.P142,f13.PHLC164.TPX.erlotinib+RO599.P152,f13.PHLC164.TPX.erlotinib+RO599.P181,f13.PHLC164.TPX.erlotinib+RO599.P41,f13.PHLC164.TPX.erlotinib+RO599.P45,f13.PHLC164.TPX.erlotinib+RO599.P51,f13.PHLC164.TPX.erlotinib+RO599.P63,f13.PHLC164.TPX.erlotinib+RO599.P71,f13.PHLC164.TPX.erlotinib+RO599.P72,f13.PHLC164.TPX.erlotinib+RO599.P94","f13.PHLC164.TPX.control.P102,f13.PHLC164.TPX.control.P11,f13.PHLC164.TPX.control.P111,f13.PHLC164.TPX.control.P122,f13.PHLC164.TPX.control.P123,f13.PHLC164.TPX.control.P131,f13.PHLC164.TPX.control.P135,f13.PHLC164.TPX.control.P145,f13.PHLC164.TPX.control.P154,f13.PHLC164.TPX.control.P172,f13.PHLC164.TPX.control.P175,f13.PHLC164.TPX.control.P194,f13.PHLC164.TPX.control.P52,f13.PHLC164.TPX.control.P53,f13.PHLC164.TPX.control.P75,f13.PHLC164.TPX.control.P81,f13.PHLC164.TPX.control.P82,f13.PHLC164.TPX.control.P84"
f14.PHLC164.TPX.afatinib,"f14.PHLC164.TPX.afatinib.P1212,f14.PHLC164.TPX.afatinib.P1215,f14.PHLC164.TPX.afatinib.P1222","f14.PHLC164.TPX.control.P1201,f14.PHLC164.TPX.control.P1206,f14.PHLC164.TPX.control.P1208,f14.PHLC164.TPX.control.P1210,f14.PHLC164.TPX.control.P1213,f14.PHLC164.TPX.control.P1216,f14.PHLC164.TPX.control.P1218,f14.PHLC164.TPX.control.P1224,f14.PHLC164.TPX.control.P1229,f14.PHLC164.TPX.control.P1231"
f14.PHLC164.TPX.dacomitinib,"f14.PHLC164.TPX.dacomitinib.P1203,f14.PHLC164.TPX.dacomitinib.P1204,f14.PHLC164.TPX.dacomitinib.P1205,f14.PHLC164.TPX.dacomitinib.P1207,f14.PHLC164.TPX.dacomitinib.P1209,f14.PHLC164.TPX.dacomitinib.P1211,f14.PHLC164.TPX.dacomitinib.P1214,f14.PHLC164.TPX.dacomitinib.P1217,f14.PHLC164.TPX.dacomitinib.P1219,f14.PHLC164.TPX.dacomitinib.P1220,f14.PHLC164.TPX.dacomitinib.P1221,f14.PHLC164.TPX.dacomitinib.P1223,f14.PHLC164.TPX.dacomitinib.P1225,f14.PHLC164.TPX.dacomitinib.P1227,f14.PHLC164.TPX.dacomitinib.P1228","f14.PHLC164.TPX.control.P1201,f14.PHLC164.TPX.control.P1206,f14.PHLC164.TPX.control.P1208,f14.PHLC164.TPX.control.P1210,f14.PHLC164.TPX.control.P1213,f14.PHLC164.TPX.control.P1216,f14.PHLC164.TPX.control.P1218,f14.PHLC164.TPX.control.P1224,f14.PHLC164.TPX.control.P1229,f14.PHLC164.TPX.control.P1231"
f15.PHLC164.TPX.dacomitinib,"f15.PHLC164.TPX.dacomitinib.P10,f15.PHLC164.TPX.dacomitinib.P11,f15.PHLC164.TPX.dacomitinib.P12,f15.PHLC164.TPX.dacomitinib.P13,f15.PHLC164.TPX.dacomitinib.P14,f15.PHLC164.TPX.dacomitinib.P3,f15.PHLC164.TPX.dacomitinib.P4,f15.PHLC164.TPX.dacomitinib.P8","f15.PHLC164.TPX.control.P15,f15.PHLC164.TPX.control.P16,f15.PHLC164.TPX.control.P2,f15.PHLC164.TPX.control.P5,f15.PHLC164.TPX.control.P6,f15.PHLC164.TPX.control.P7,f15.PHLC164.TPX.control.P9"
f16.PHLC164.TPX.afatinib,"f16.PHLC164.TPX.afatinib.P1803,f16.PHLC164.TPX.afatinib.P1807,f16.PHLC164.TPX.afatinib.P1808,f16.PHLC164.TPX.afatinib.P1815,f16.PHLC164.TPX.afatinib.P1816,f16.PHLC164.TPX.afatinib.P1828","f16.PHLC164.TPX.control.P1802,f16.PHLC164.TPX.control.P1813,f16.PHLC164.TPX.control.P1824,f16.PHLC164.TPX.control.P1832,f16.PHLC164.TPX.control.P1833"
f16.PHLC164.TPX.cisplatin,"f16.PHLC164.TPX.cisplatin.P1818,f16.PHLC164.TPX.cisplatin.P1819,f16.PHLC164.TPX.cisplatin.P1820,f16.PHLC164.TPX.cisplatin.P1826,f16.PHLC164.TPX.cisplatin.P1831","f16.PHLC164.TPX.control.P1802,f16.PHLC164.TPX.control.P1813,f16.PHLC164.TPX.control.P1824,f16.PHLC164.TPX.control.P1832,f16.PHLC164.TPX.control.P1833"
f16.PHLC164.TPX.dacomitinib,"f16.PHLC164.TPX.dacomitinib.P1801,f16.PHLC164.TPX.dacomitinib.P1809,f16.PHLC164.TPX.dacomitinib.P1811,f16.PHLC164.TPX.dacomitinib.P1817,f16.PHLC164.TPX.dacomitinib.P1825,f16.PHLC164.TPX.dacomitinib.P1835","f16.PHLC164.TPX.control.P1802,f16.PHLC164.TPX.control.P1813,f16.PHLC164.TPX.control.P1824,f16.PHLC164.TPX.control.P1832,f16.PHLC164.TPX.control.P1833"
f16.PHLC164.TPX.dacomitinib+valproic,"f16.PHLC164.TPX.dacomitinib+valproic.P1812,f16.PHLC164.TPX.dacomitinib+valproic.P1821,f16.PHLC164.TPX.dacomitinib+valproic.P1822,f16.PHLC164.TPX.dacomitinib+valproic.P1827,f16.PHLC164.TPX.dacomitinib+valproic.P1829","f16.PHLC164.TPX.control.P1802,f16.PHLC164.TPX.control.P1813,f16.PHLC164.TPX.control.P1824,f16.PHLC164.TPX.control.P1832,f16.PHLC164.TPX.control.P1833"
f16.PHLC164.TPX.valproic,"f16.PHLC164.TPX.valproic.P1810,f16.PHLC164.TPX.valproic.P1814,f16.PHLC164.TPX.valproic.P1823,f16.PHLC164.TPX.valproic.P1830,f16.PHLC164.TPX.valproic.P1834","f16.PHLC164.TPX.control.P1802,f16.PHLC164.TPX.control.P1813,f16.PHLC164.TPX.control.P1824,f16.PHLC164.TPX.control.P1832,f16.PHLC164.TPX.control.P1833"
f17.PHLC164.TPX.afatinib,"f17.PHLC164.TPX.afatinib.P704,f17.PHLC164.TPX.afatinib.P708","f17.PHLC164.TPX.control.P702,f17.PHLC164.TPX.control.P705,f17.PHLC164.TPX.control.P707"
f17.PHLC164.TPX.dacomitinib,"f17.PHLC164.TPX.dacomitinib.P701,f17.PHLC164.TPX.dacomitinib.P703,f17.PHLC164.TPX.dacomitinib.P706,f17.PHLC164.TPX.dacomitinib.P709,f17.PHLC164.TPX.dacomitinib.P710","f17.PHLC164.TPX.control.P702,f17.PHLC164.TPX.control.P705,f17.PHLC164.TPX.control.P707"
f18.PHLC164.TPX.afatinib,"f18.PHLC164.TPX.afatinib.P801,f18.PHLC164.TPX.afatinib.P802,f18.PHLC164.TPX.afatinib.P803,f18.PHLC164.TPX.afatinib.P804,f18.PHLC164.TPX.afatinib.P805",
f19.PHLC164.TPX.dacomitinib,"f19.PHLC164.TPX.dacomitinib.P1,f19.PHLC164.TPX.dacomitinib.P2,f19.PHLC164.TPX.dacomitinib.P3,f19.PHLC164.TPX.dacomitinib.P4",
f20.PHLC164.TPX.dacomitinib,"f20.PHLC164.TPX.dacomitinib.P1,f20.PHLC164.TPX.dacomitinib.P10,f20.PHLC164.TPX.dacomitinib.P12,f20.PHLC164.TPX.dacomitinib.P2,f20.PHLC164.TPX.dacomitinib.P3,f20.PHLC164.TPX.dacomitinib.P6","f20.PHLC164.TPX.control.P11,f20.PHLC164.TPX.control.P4,f20.PHLC164.TPX.control.P5,f20.PHLC164.TPX.control.P7,f20.PHLC164.TPX.control.P9"
f21.PHLC164.TPX.dacomitinib,"f21.PHLC164.TPX.dacomitinib.P10,f21.PHLC164.TPX.dacomitinib.P11,f21.PHLC164.TPX.dacomitinib.P12,f21.PHLC164.TPX.dacomitinib.P13,f21.PHLC164.TPX.dacomitinib.P14,f21.PHLC164.TPX.dacomitinib.P15,f21.PHLC164.TPX.dacomitinib.P2,f21.PHLC164.TPX.dacomitinib.P4,f21.PHLC164.TPX.dacomitinib.P6,f21.PHLC164.TPX.dacomitinib.P7","f21.PHLC164.TPX.control.P1,f21.PHLC164.TPX.control.P3,f21.PHLC164.TPX.control.P5,f21.PHLC164.TPX.control.P8,f21.PHLC164.TPX.control.P9"
f22.PHLC164.TPX.dacomitinib,"f22.PHLC164.TPX.dacomitinib.P10,f22.PHLC164.TPX.dacomitinib.P2,f22.PHLC164.TPX.dacomitinib.P3,f22.PHLC164.TPX.dacomitinib.P5,f22.PHLC164.TPX.dacomitinib.P7,f22.PHLC164.TPX.dacomitinib.P8","f22.PHLC164.TPX.control.P1,f22.PHLC164.TPX.control.P11,f22.PHLC164.TPX.control.P12,f22.PHLC164.TPX.control.P4,f22.PHLC164.TPX.control.P6,f22.PHLC164.TPX.control.P9"
f23.PHLC164.TPX.cisplatin,"f23.PHLC164.TPX.cisplatin.P1,f23.PHLC164.TPX.cisplatin.P11,f23.PHLC164.TPX.cisplatin.P12,f23.PHLC164.TPX.cisplatin.P17,f23.PHLC164.TPX.cisplatin.P3,f23.PHLC164.TPX.cisplatin.P8","f23.PHLC164.TPX.control.P14,f23.PHLC164.TPX.control.P16,f23.PHLC164.TPX.control.P25,f23.PHLC164.TPX.control.P26,f23.PHLC164.TPX.control.P28,f23.PHLC164.TPX.control.P7"
f23.PHLC164.TPX.dacomitinib,"f23.PHLC164.TPX.dacomitinib.P18,f23.PHLC164.TPX.dacomitinib.P19,f23.PHLC164.TPX.dacomitinib.P2,f23.PHLC164.TPX.dacomitinib.P27,f23.PHLC164.TPX.dacomitinib.P5,f23.PHLC164.TPX.dacomitinib.P9","f23.PHLC164.TPX.control.P14,f23.PHLC164.TPX.control.P16,f23.PHLC164.TPX.control.P25,f23.PHLC164.TPX.control.P26,f23.PHLC164.TPX.control.P28,f23.PHLC164.TPX.control.P7"
f23.PHLC164.TPX.gemcitabine,"f23.PHLC164.TPX.gemcitabine.P13,f23.PHLC164.TPX.gemcitabine.P15,f23.PHLC164.TPX.gemcitabine.P21,f23.PHLC164.TPX.gemcitabine.P22,f23.PHLC164.TPX.gemcitabine.P23,f23.PHLC164.TPX.gemcitabine.P29","f23.PHLC164.TPX.control.P14,f23.PHLC164.TPX.control.P16,f23.PHLC164.TPX.control.P25,f23.PHLC164.TPX.control.P26,f23.PHLC164.TPX.control.P28,f23.PHLC164.TPX.control.P7"
f23.PHLC164.TPX.vinorelbine,"f23.PHLC164.TPX.vinorelbine.P10,f23.PHLC164.TPX.vinorelbine.P20,f23.PHLC164.TPX.vinorelbine.P24,f23.PHLC164.TPX.vinorelbine.P30,f23.PHLC164.TPX.vinorelbine.P4,f23.PHLC164.TPX.vinorelbine.P6","f23.PHLC164.TPX.control.P14,f23.PHLC164.TPX.control.P16,f23.PHLC164.TPX.control.P25,f23.PHLC164.TPX.control.P26,f23.PHLC164.TPX.control.P28,f23.PHLC164.TPX.control.P7"
f24.PHLC164.TPX.dacomitinib,"f24.PHLC164.TPX.dacomitinib.P11,f24.PHLC164.TPX.dacomitinib.P12,f24.PHLC164.TPX.dacomitinib.P13,f24.PHLC164.TPX.dacomitinib.P14,f24.PHLC164.TPX.dacomitinib.P2,f24.PHLC164.TPX.dacomitinib.P3,f24.PHLC164.TPX.dacomitinib.P4,f24.PHLC164.TPX.dacomitinib.P6","f24.PHLC164.TPX.control.P1,f24.PHLC164.TPX.control.P10,f24.PHLC164.TPX.control.P15,f24.PHLC164.TPX.control.P5,f24.PHLC164.TPX.control.P7,f24.PHLC164.TPX.control.P8,f24.PHLC164.TPX.control.P9"
f25.PHLC164.TPX.dacomitinib,"f25.PHLC164.TPX.dacomitinib.P801,f25.PHLC164.TPX.dacomitinib.P802,f25.PHLC164.TPX.dacomitinib.P803,f25.PHLC164.TPX.dacomitinib.P809,f25.PHLC164.TPX.dacomitinib.P810,f25.PHLC164.TPX.dacomitinib.P811,f25.PHLC164.TPX.dacomitinib.P814,f25.PHLC164.TPX.dacomitinib.P815,f25.PHLC164.TPX.dacomitinib.P816,f25.PHLC164.TPX.dacomitinib.P819","f25.PHLC164.TPX.control.P804,f25.PHLC164.TPX.control.P805,f25.PHLC164.TPX.control.P806,f25.PHLC164.TPX.control.P807,f25.PHLC164.TPX.control.P808,f25.PHLC164.TPX.control.P812,f25.PHLC164.TPX.control.P813,f25.PHLC164.TPX.control.P817,f25.PHLC164.TPX.control.P818,f25.PHLC164.TPX.control.P820"
f26.PHLC164.TPX.afatinib,"f26.PHLC164.TPX.afatinib.P902,f26.PHLC164.TPX.afatinib.P903,f26.PHLC164.TPX.afatinib.P906,f26.PHLC164.TPX.afatinib.P908,f26.PHLC164.TPX.afatinib.P911,f26.PHLC164.TPX.afatinib.P915,f26.PHLC164.TPX.afatinib.P917,f26.PHLC164.TPX.afatinib.P921,f26.PHLC164.TPX.afatinib.P922,f26.PHLC164.TPX.afatinib.P923,f26.PHLC164.TPX.afatinib.P927,f26.PHLC164.TPX.afatinib.P928,f26.PHLC164.TPX.afatinib.P929,f26.PHLC164.TPX.afatinib.P930,f26.PHLC164.TPX.afatinib.P932,f26.PHLC164.TPX.afatinib.P935,f26.PHLC164.TPX.afatinib.P937,f26.PHLC164.TPX.afatinib.P938,f26.PHLC164.TPX.afatinib.P939,f26.PHLC164.TPX.afatinib.P940","f26.PHLC164.TPX.control.P907,f26.PHLC164.TPX.control.P909,f26.PHLC164.TPX.control.P910,f26.PHLC164.TPX.control.P912,f26.PHLC164.TPX.control.P913,f26.PHLC164.TPX.control.P916,f26.PHLC164.TPX.control.P918,f26.PHLC164.TPX.control.P925,f26.PHLC164.TPX.control.P936"
f27.PHLC169.TPX.dacomitinib,"f27.PHLC169.TPX.dacomitinib.P704,f27.PHLC169.TPX.dacomitinib.P705,f27.PHLC169.TPX.dacomitinib.P707,f27.PHLC169.TPX.dacomitinib.P708,f27.PHLC169.TPX.dacomitinib.P709,f27.PHLC169.TPX.dacomitinib.P710","f27.PHLC169.TPX.control.P701,f27.PHLC169.TPX.control.P702,f27.PHLC169.TPX.control.P703,f27.PHLC169.TPX.control.P706,f27.PHLC169.TPX.control.P711,f27.PHLC169.TPX.control.P712"
f28.PHLC192.TPX.erlotinib,"f28.PHLC192.TPX.erlotinib.P802,f28.PHLC192.TPX.erlotinib.P804,f28.PHLC192.TPX.erlotinib.P805,f28.PHLC192.TPX.erlotinib.P808,f28.PHLC192.TPX.erlotinib.P810,f28.PHLC192.TPX.erlotinib.P811","f28.PHLC192.TPX.control.P801,f28.PHLC192.TPX.control.P803,f28.PHLC192.TPX.control.P806,f28.PHLC192.TPX.control.P807,f28.PHLC192.TPX.control.P809,f28.PHLC192.TPX.control.P812"
f29.PHLC192.TPX.afatinib,"f29.PHLC192.TPX.afatinib.P1002,f29.PHLC192.TPX.afatinib.P1003,f29.PHLC192.TPX.afatinib.P1008,f29.PHLC192.TPX.afatinib.P1018,f29.PHLC192.TPX.afatinib.P1021,f29.PHLC192.TPX.afatinib.P1028","f29.PHLC192.TPX.control.P1005,f29.PHLC192.TPX.control.P1007,f29.PHLC192.TPX.control.P1010,f29.PHLC192.TPX.control.P1012,f29.PHLC192.TPX.control.P1017,f29.PHLC192.TPX.control.P1029"
f29.PHLC192.TPX.cetuximab,"f29.PHLC192.TPX.cetuximab.P1004,f29.PHLC192.TPX.cetuximab.P1011,f29.PHLC192.TPX.cetuximab.P1013,f29.PHLC192.TPX.cetuximab.P1019,f29.PHLC192.TPX.cetuximab.P1024,f29.PHLC192.TPX.cetuximab.P1030","f29.PHLC192.TPX.control.P1005,f29.PHLC192.TPX.control.P1007,f29.PHLC192.TPX.control.P1010,f29.PHLC192.TPX.control.P1012,f29.PHLC192.TPX.control.P1017,f29.PHLC192.TPX.control.P1029"
f29.PHLC192.TPX.crizotinib,"f29.PHLC192.TPX.crizotinib.P1009,f29.PHLC192.TPX.crizotinib.P1026,f29.PHLC192.TPX.crizotinib.P1027,f29.PHLC192.TPX.crizotinib.P1035,f29.PHLC192.TPX.crizotinib.P1038,f29.PHLC192.TPX.crizotinib.P1039","f29.PHLC192.TPX.control.P1005,f29.PHLC192.TPX.control.P1007,f29.PHLC192.TPX.control.P1010,f29.PHLC192.TPX.control.P1012,f29.PHLC192.TPX.control.P1017,f29.PHLC192.TPX.control.P1029"
f29.PHLC192.TPX.dacomitinib,"f29.PHLC192.TPX.dacomitinib.P1014,f29.PHLC192.TPX.dacomitinib.P1015,f29.PHLC192.TPX.dacomitinib.P1016,f29.PHLC192.TPX.dacomitinib.P1031,f29.PHLC192.TPX.dacomitinib.P1032,f29.PHLC192.TPX.dacomitinib.P1034","f29.PHLC192.TPX.control.P1005,f29.PHLC192.TPX.control.P1007,f29.PHLC192.TPX.control.P1010,f29.PHLC192.TPX.control.P1012,f29.PHLC192.TPX.control.P1017,f29.PHLC192.TPX.control.P1029"
f29.PHLC192.TPX.erlotinib,"f29.PHLC192.TPX.erlotinib.P1006,f29.PHLC192.TPX.erlotinib.P1025,f29.PHLC192.TPX.erlotinib.P1036,f29.PHLC192.TPX.erlotinib.P1037,f29.PHLC192.TPX.erlotinib.P1040","f29.PHLC192.TPX.control.P1005,f29.PHLC192.TPX.control.P1007,f29.PHLC192.TPX.control.P1010,f29.PHLC192.TPX.control.P1012,f29.PHLC192.TPX.control.P1017,f29.PHLC192.TPX.control.P1029"
f29.PHLC192.TPX.erlotinib+crizotinib,"f29.PHLC192.TPX.erlotinib+crizotinib.P1001,f29.PHLC192.TPX.erlotinib+crizotinib.P1020,f29.PHLC192.TPX.erlotinib+crizotinib.P1022,f29.PHLC192.TPX.erlotinib+crizotinib.P1023,f29.PHLC192.TPX.erlotinib+crizotinib.P1033","f29.PHLC192.TPX.control.P1005,f29.PHLC192.TPX.control.P1007,f29.PHLC192.TPX.control.P1010,f29.PHLC192.TPX.control.P1012,f29.PHLC192.TPX.control.P1017,f29.PHLC192.TPX.control.P1029"
f30.PHLC200.TPX.BGJ398,"f30.PHLC200.TPX.BGJ398.P606,f30.PHLC200.TPX.BGJ398.P609,f30.PHLC200.TPX.BGJ398.P614,f30.PHLC200.TPX.BGJ398.P616,f30.PHLC200.TPX.BGJ398.P621,f30.PHLC200.TPX.BGJ398.P622","f30.PHLC200.TPX.control.P603,f30.PHLC200.TPX.control.P608,f30.PHLC200.TPX.control.P611,f30.PHLC200.TPX.control.P615,f30.PHLC200.TPX.control.P620,f30.PHLC200.TPX.control.P623"
f31.PHLC200.TPX.BGJ398,"f31.PHLC200.TPX.BGJ398.P701,f31.PHLC200.TPX.BGJ398.P703,f31.PHLC200.TPX.BGJ398.P709,f31.PHLC200.TPX.BGJ398.P711,f31.PHLC200.TPX.BGJ398.P720,f31.PHLC200.TPX.BGJ398.P722","f31.PHLC200.TPX.control.P702,f31.PHLC200.TPX.control.P707,f31.PHLC200.TPX.control.P710,f31.PHLC200.TPX.control.P717,f31.PHLC200.TPX.control.P724,f31.PHLC200.TPX.control.P725"
f31.PHLC200.TPX.BGJ398+crizotinib,"f31.PHLC200.TPX.BGJ398+crizotinib.P705,f31.PHLC200.TPX.BGJ398+crizotinib.P708,f31.PHLC200.TPX.BGJ398+crizotinib.P716,f31.PHLC200.TPX.BGJ398+crizotinib.P718,f31.PHLC200.TPX.BGJ398+crizotinib.P719,f31.PHLC200.TPX.BGJ398+crizotinib.P721","f31.PHLC200.TPX.control.P702,f31.PHLC200.TPX.control.P707,f31.PHLC200.TPX.control.P710,f31.PHLC200.TPX.control.P717,f31.PHLC200.TPX.control.P724,f31.PHLC200.TPX.control.P725"
f31.PHLC200.TPX.crizotinib,"f31.PHLC200.TPX.crizotinib.P704,f31.PHLC200.TPX.crizotinib.P706,f31.PHLC200.TPX.crizotinib.P713,f31.PHLC200.TPX.crizotinib.P714,f31.PHLC200.TPX.crizotinib.P715,f31.PHLC200.TPX.crizotinib.P723","f31.PHLC200.TPX.control.P702,f31.PHLC200.TPX.control.P707,f31.PHLC200.TPX.control.P710,f31.PHLC200.TPX.control.P717,f31.PHLC200.TPX.control.P724,f31.PHLC200.TPX.control.P725"
f32.PHLC267.TPX.BGJ398,"f32.PHLC267.TPX.BGJ398.P712,f32.PHLC267.TPX.BGJ398.P715,f32.PHLC267.TPX.BGJ398.P716,f32.PHLC267.TPX.BGJ398.P720,f32.PHLC267.TPX.BGJ398.P722,f32.PHLC267.TPX.BGJ398.P723","f32.PHLC267.TPX.control.P702,f32.PHLC267.TPX.control.P709,f32.PHLC267.TPX.control.P710,f32.PHLC267.TPX.control.P713,f32.PHLC267.TPX.control.P717,f32.PHLC267.TPX.control.P725"
f33.PHLC274.TPX.BGJ398,"f33.PHLC274.TPX.BGJ398.P603,f33.PHLC274.TPX.BGJ398.P605,f33.PHLC274.TPX.BGJ398.P607,f33.PHLC274.TPX.BGJ398.P611,f33.PHLC274.TPX.BGJ398.P612,f33.PHLC274.TPX.BGJ398.P620","f33.PHLC274.TPX.control.P606,f33.PHLC274.TPX.control.P608,f33.PHLC274.TPX.control.P613,f33.PHLC274.TPX.control.P614,f33.PHLC274.TPX.control.P618"
f34.PHLC274.TPX.AZD4547,"f34.PHLC274.TPX.AZD4547.P705,f34.PHLC274.TPX.AZD4547.P710,f34.PHLC274.TPX.AZD4547.P714,f34.PHLC274.TPX.AZD4547.P725,f34.PHLC274.TPX.AZD4547.P728,f34.PHLC274.TPX.AZD4547.P732","f34.PHLC274.TPX.control.P719,f34.PHLC274.TPX.control.P720,f34.PHLC274.TPX.control.P727,f34.PHLC274.TPX.control.P733,f34.PHLC274.TPX.control.P734,f34.PHLC274.TPX.control.P735"
f34.PHLC274.TPX.BGJ398,"f34.PHLC274.TPX.BGJ398.P703,f34.PHLC274.TPX.BGJ398.P708,f34.PHLC274.TPX.BGJ398.P711,f34.PHLC274.TPX.BGJ398.P722,f34.PHLC274.TPX.BGJ398.P723,f34.PHLC274.TPX.BGJ398.P726","f34.PHLC274.TPX.control.P719,f34.PHLC274.TPX.control.P720,f34.PHLC274.TPX.control.P727,f34.PHLC274.TPX.control.P733,f34.PHLC274.TPX.control.P734,f34.PHLC274.TPX.control.P735"
f35.PHLC299.TPX.BGJ398,"f35.PHLC299.TPX.BGJ398.P705,f35.PHLC299.TPX.BGJ398.P706,f35.PHLC299.TPX.BGJ398.P709,f35.PHLC299.TPX.BGJ398.P715,f35.PHLC299.TPX.BGJ398.P717,f35.PHLC299.TPX.BGJ398.P721","f35.PHLC299.TPX.control.P701,f35.PHLC299.TPX.control.P703,f35.PHLC299.TPX.control.P708,f35.PHLC299.TPX.control.P716,f35.PHLC299.TPX.control.P718,f35.PHLC299.TPX.control.P723"
f36.PHLC321.TPX.BGJ398,"f36.PHLC321.TPX.BGJ398.P503,f36.PHLC321.TPX.BGJ398.P505,f36.PHLC321.TPX.BGJ398.P506,f36.PHLC321.TPX.BGJ398.P515,f36.PHLC321.TPX.BGJ398.P516,f36.PHLC321.TPX.BGJ398.P523","f36.PHLC321.TPX.control.P511,f36.PHLC321.TPX.control.P512,f36.PHLC321.TPX.control.P513,f36.PHLC321.TPX.control.P519,f36.PHLC321.TPX.control.P522,f36.PHLC321.TPX.control.P524"
f37.PHLC321.TPX.BGJ398,"f37.PHLC321.TPX.BGJ398.P801,f37.PHLC321.TPX.BGJ398.P802,f37.PHLC321.TPX.BGJ398.P821,f37.PHLC321.TPX.BGJ398.P823,f37.PHLC321.TPX.BGJ398.P824,f37.PHLC321.TPX.BGJ398.P825","f37.PHLC321.TPX.control.P806,f37.PHLC321.TPX.control.P807,f37.PHLC321.TPX.control.P815,f37.PHLC321.TPX.control.P816,f37.PHLC321.TPX.control.P817,f37.PHLC321.TPX.control.P819"
f37.PHLC321.TPX.BGJ398+crizotinib,"f37.PHLC321.TPX.BGJ398+crizotinib.P804,f37.PHLC321.TPX.BGJ398+crizotinib.P810,f37.PHLC321.TPX.BGJ398+crizotinib.P811,f37.PHLC321.TPX.BGJ398+crizotinib.P812,f37.PHLC321.TPX.BGJ398+crizotinib.P814,f37.PHLC321.TPX.BGJ398+crizotinib.P820","f37.PHLC321.TPX.control.P806,f37.PHLC321.TPX.control.P807,f37.PHLC321.TPX.control.P815,f37.PHLC321.TPX.control.P816,f37.PHLC321.TPX.control.P817,f37.PHLC321.TPX.control.P819"
f37.PHLC321.TPX.crizotinib,"f37.PHLC321.TPX.crizotinib.P803,f37.PHLC321.TPX.crizotinib.P808,f37.PHLC321.TPX.crizotinib.P809,f37.PHLC321.TPX.crizotinib.P813,f37.PHLC321.TPX.crizotinib.P818,f37.PHLC321.TPX.crizotinib.P822","f37.PHLC321.TPX.control.P806,f37.PHLC321.TPX.control.P807,f37.PHLC321.TPX.control.P815,f37.PHLC321.TPX.control.P816,f37.PHLC321.TPX.control.P817,f37.PHLC321.TPX.control.P819"
f38.PHLC321.TPX.BGJ398,"f38.PHLC321.TPX.BGJ398.P901,f38.PHLC321.TPX.BGJ398.P909,f38.PHLC321.TPX.BGJ398.P912,f38.PHLC321.TPX.BGJ398.P916,f38.PHLC321.TPX.BGJ398.P919,f38.PHLC321.TPX.BGJ398.P921","f38.PHLC321.TPX.control.P908,f38.PHLC321.TPX.control.P911,f38.PHLC321.TPX.control.P913,f38.PHLC321.TPX.control.P915,f38.PHLC321.TPX.control.P917,f38.PHLC321.TPX.control.P922"
f38.PHLC321.TPX.BGJ398+crizotinib,"f38.PHLC321.TPX.BGJ398+crizotinib.P903,f38.PHLC321.TPX.BGJ398+crizotinib.P904,f38.PHLC321.TPX.BGJ398+crizotinib.P918,f38.PHLC321.TPX.BGJ398+crizotinib.P920,f38.PHLC321.TPX.BGJ398+crizotinib.P923,f38.PHLC321.TPX.BGJ398+crizotinib.P924","f38.PHLC321.TPX.control.P908,f38.PHLC321.TPX.control.P911,f38.PHLC321.TPX.control.P913,f38.PHLC321.TPX.control.P915,f38.PHLC321.TPX.control.P917,f38.PHLC321.TPX.control.P922"
f38.PHLC321.TPX.crizotinib,"f38.PHLC321.TPX.crizotinib.P902,f38.PHLC321.TPX.crizotinib.P905,f38.PHLC321.TPX.crizotinib.P906,f38.PHLC321.TPX.crizotinib.P910,f38.PHLC321.TPX.crizotinib.P914,f38.PHLC321.TPX.crizotinib.P925","f38.PHLC321.TPX.control.P908,f38.PHLC321.TPX.control.P911,f38.PHLC321.TPX.control.P913,f38.PHLC321.TPX.control.P915,f38.PHLC321.TPX.control.P917,f38.PHLC321.TPX.control.P922"
f39.PHLC321.TPX.AZD4547,"f39.PHLC321.TPX.AZD4547.P1001,f39.PHLC321.TPX.AZD4547.P1006,f39.PHLC321.TPX.AZD4547.P1007,f39.PHLC321.TPX.AZD4547.P1008,f39.PHLC321.TPX.AZD4547.P1010,f39.PHLC321.TPX.AZD4547.P1011","f39.PHLC321.TPX.control.P1002,f39.PHLC321.TPX.control.P1003,f39.PHLC321.TPX.control.P1004,f39.PHLC321.TPX.control.P1005,f39.PHLC321.TPX.control.P1009,f39.PHLC321.TPX.control.P1012"
f40.PHLC110.TPX.cisplatin+vinorelbine,"f40.PHLC110.TPX.cisplatin+vinorelbine.P502,f40.PHLC110.TPX.cisplatin+vinorelbine.P503,f40.PHLC110.TPX.cisplatin+vinorelbine.P505,f40.PHLC110.TPX.cisplatin+vinorelbine.P509,f40.PHLC110.TPX.cisplatin+vinorelbine.P510,f40.PHLC110.TPX.cisplatin+vinorelbine.P512","f40.PHLC110.TPX.control.P501,f40.PHLC110.TPX.control.P504,f40.PHLC110.TPX.control.P506,f40.PHLC110.TPX.control.P507,f40.PHLC110.TPX.control.P508,f40.PHLC110.TPX.control.P511"
f41.PHLC111.TPX.cisplatin+vinorelbine,"f41.PHLC111.TPX.cisplatin+vinorelbine.P702,f41.PHLC111.TPX.cisplatin+vinorelbine.P704,f41.PHLC111.TPX.cisplatin+vinorelbine.P705,f41.PHLC111.TPX.cisplatin+vinorelbine.P707,f41.PHLC111.TPX.cisplatin+vinorelbine.P710,f41.PHLC111.TPX.cisplatin+vinorelbine.P713","f41.PHLC111.TPX.control.P701,f41.PHLC111.TPX.control.P703,f41.PHLC111.TPX.control.P706,f41.PHLC111.TPX.control.P708,f41.PHLC111.TPX.control.P709,f41.PHLC111.TPX.control.P712"
f42.PHLC119.TPX.cisplatin+vinorelbine,"f42.PHLC119.TPX.cisplatin+vinorelbine.P501,f42.PHLC119.TPX.cisplatin+vinorelbine.P502,f42.PHLC119.TPX.cisplatin+vinorelbine.P506,f42.PHLC119.TPX.cisplatin+vinorelbine.P508,f42.PHLC119.TPX.cisplatin+vinorelbine.P509,f42.PHLC119.TPX.cisplatin+vinorelbine.P510","f42.PHLC119.TPX.control.P503,f42.PHLC119.TPX.control.P504,f42.PHLC119.TPX.control.P505,f42.PHLC119.TPX.control.P507,f42.PHLC119.TPX.control.P511,f42.PHLC119.TPX.control.P512"
f44.PHLC153.TPX.cisplatin+vinorelbine,"f44.PHLC153.TPX.cisplatin+vinorelbine.P602,f44.PHLC153.TPX.cisplatin+vinorelbine.P603,f44.PHLC153.TPX.cisplatin+vinorelbine.P606,f44.PHLC153.TPX.cisplatin+vinorelbine.P609,f44.PHLC153.TPX.cisplatin+vinorelbine.P611,f44.PHLC153.TPX.cisplatin+vinorelbine.P612","f44.PHLC153.TPX.control.P601,f44.PHLC153.TPX.control.P604,f44.PHLC153.TPX.control.P605,f44.PHLC153.TPX.control.P607,f44.PHLC153.TPX.control.P608,f44.PHLC153.TPX.control.P610"
f45.PHLC181.TPX.cisplatin+vinorelbine,"f45.PHLC181.TPX.cisplatin+vinorelbine.P601,f45.PHLC181.TPX.cisplatin+vinorelbine.P604,f45.PHLC181.TPX.cisplatin+vinorelbine.P605,f45.PHLC181.TPX.cisplatin+vinorelbine.P606,f45.PHLC181.TPX.cisplatin+vinorelbine.P608,f45.PHLC181.TPX.cisplatin+vinorelbine.P610","f45.PHLC181.TPX.control.P602,f45.PHLC181.TPX.control.P603,f45.PHLC181.TPX.control.P609,f45.PHLC181.TPX.control.P611,f45.PHLC181.TPX.control.P612"
f46.PHLC181.TPX.cisplatin+vinorelbine,"f46.PHLC181.TPX.cisplatin+vinorelbine.P703,f46.PHLC181.TPX.cisplatin+vinorelbine.P704,f46.PHLC181.TPX.cisplatin+vinorelbine.P706,f46.PHLC181.TPX.cisplatin+vinorelbine.P708,f46.PHLC181.TPX.cisplatin+vinorelbine.P711,f46.PHLC181.TPX.cisplatin+vinorelbine.P712","f46.PHLC181.TPX.control.P701,f46.PHLC181.TPX.control.P702,f46.PHLC181.TPX.control.P705,f46.PHLC181.TPX.control.P707,f46.PHLC181.TPX.control.P709,f46.PHLC181.TPX.control.P710"
f47.PHLC189.TPX.cisplatin+vinorelbine,"f47.PHLC189.TPX.cisplatin+vinorelbine.P502,f47.PHLC189.TPX.cisplatin+vinorelbine.P504,f47.PHLC189.TPX.cisplatin+vinorelbine.P506,f47.PHLC189.TPX.cisplatin+vinorelbine.P507,f47.PHLC189.TPX.cisplatin+vinorelbine.P509,f47.PHLC189.TPX.cisplatin+vinorelbine.P510,f47.PHLC189.TPX.cisplatin+vinorelbine.P514,f47.PHLC189.TPX.cisplatin+vinorelbine.P515","f47.PHLC189.TPX.control.P501,f47.PHLC189.TPX.control.P503,f47.PHLC189.TPX.control.P505,f47.PHLC189.TPX.control.P508,f47.PHLC189.TPX.control.P511,f47.PHLC189.TPX.control.P512,f47.PHLC189.TPX.control.P513"
f48.PHLC191.TPX.cisplatin+vinorelbine,"f48.PHLC191.TPX.cisplatin+vinorelbine.P702,f48.PHLC191.TPX.cisplatin+vinorelbine.P703,f48.PHLC191.TPX.cisplatin+vinorelbine.P705,f48.PHLC191.TPX.cisplatin+vinorelbine.P706,f48.PHLC191.TPX.cisplatin+vinorelbine.P709,f48.PHLC191.TPX.cisplatin+vinorelbine.P710,f48.PHLC191.TPX.cisplatin+vinorelbine.P711","f48.PHLC191.TPX.control.P701,f48.PHLC191.TPX.control.P704,f48.PHLC191.TPX.control.P707,f48.PHLC191.TPX.control.P708,f48.PHLC191.TPX.control.P712,f48.PHLC191.TPX.control.P713,f48.PHLC191.TPX.control.P714"
f49.PHLC119.TPX.cisplatin+vinorelbine,"f49.PHLC119.TPX.cisplatin+vinorelbine.P503,f49.PHLC119.TPX.cisplatin+vinorelbine.P504,f49.PHLC119.TPX.cisplatin+vinorelbine.P505,f49.PHLC119.TPX.cisplatin+vinorelbine.P506,f49.PHLC119.TPX.cisplatin+vinorelbine.P510,f49.PHLC119.TPX.cisplatin+vinorelbine.P512","f49.PHLC119.TPX.control.P501,f49.PHLC119.TPX.control.P502,f49.PHLC119.TPX.control.P507,f49.PHLC119.TPX.control.P508,f49.PHLC119.TPX.control.P509,f49.PHLC119.TPX.control.P511"
f50.PHLC196.TPX.cisplatin+vinorelbine,"f50.PHLC196.TPX.cisplatin+vinorelbine.P502,f50.PHLC196.TPX.cisplatin+vinorelbine.P503,f50.PHLC196.TPX.cisplatin+vinorelbine.P505,f50.PHLC196.TPX.cisplatin+vinorelbine.P508,f50.PHLC196.TPX.cisplatin+vinorelbine.P509,f50.PHLC196.TPX.cisplatin+vinorelbine.P512","f50.PHLC196.TPX.control.P501,f50.PHLC196.TPX.control.P504,f50.PHLC196.TPX.control.P506,f50.PHLC196.TPX.control.P507,f50.PHLC196.TPX.control.P510,f50.PHLC196.TPX.control.P511"
f51.PHLC215.TPX.cisplatin+vinorelbine,"f51.PHLC215.TPX.cisplatin+vinorelbine.P501,f51.PHLC215.TPX.cisplatin+vinorelbine.P504,f51.PHLC215.TPX.cisplatin+vinorelbine.P505,f51.PHLC215.TPX.cisplatin+vinorelbine.P506,f51.PHLC215.TPX.cisplatin+vinorelbine.P509,f51.PHLC215.TPX.cisplatin+vinorelbine.P510","f51.PHLC215.TPX.control.P502,f51.PHLC215.TPX.control.P503,f51.PHLC215.TPX.control.P507,f51.PHLC215.TPX.control.P508,f51.PHLC215.TPX.control.P511,f51.PHLC215.TPX.control.P512"
f52.PHLC229.TPX.cisplatin+vinorelbine,"f52.PHLC229.TPX.cisplatin+vinorelbine.P602,f52.PHLC229.TPX.cisplatin+vinorelbine.P603,f52.PHLC229.TPX.cisplatin+vinorelbine.P605,f52.PHLC229.TPX.cisplatin+vinorelbine.P606,f52.PHLC229.TPX.cisplatin+vinorelbine.P610,f52.PHLC229.TPX.cisplatin+vinorelbine.P612,f52.PHLC229.TPX.cisplatin+vinorelbine.P613","f52.PHLC229.TPX.control.P601,f52.PHLC229.TPX.control.P604,f52.PHLC229.TPX.control.P607,f52.PHLC229.TPX.control.P608,f52.PHLC229.TPX.control.P609,f52.PHLC229.TPX.control.P611,f52.PHLC229.TPX.control.P614"
f53.PHLC235.TPX.cisplatin+vinorelbine,"f53.PHLC235.TPX.cisplatin+vinorelbine.P405,f53.PHLC235.TPX.cisplatin+vinorelbine.P407,f53.PHLC235.TPX.cisplatin+vinorelbine.P408,f53.PHLC235.TPX.cisplatin+vinorelbine.P409,f53.PHLC235.TPX.cisplatin+vinorelbine.P410,f53.PHLC235.TPX.cisplatin+vinorelbine.P413","f53.PHLC235.TPX.control.P401,f53.PHLC235.TPX.control.P402,f53.PHLC235.TPX.control.P403,f53.PHLC235.TPX.control.P406,f53.PHLC235.TPX.control.P411,f53.PHLC235.TPX.control.P412"
f54.PHLC235.TPX.docetaxel,"f54.PHLC235.TPX.docetaxel.P601,f54.PHLC235.TPX.docetaxel.P620,f54.PHLC235.TPX.docetaxel.P625,f54.PHLC235.TPX.docetaxel.P626,f54.PHLC235.TPX.docetaxel.P629,f54.PHLC235.TPX.docetaxel.P630","f54.PHLC235.TPX.control.P605,f54.PHLC235.TPX.control.P609,f54.PHLC235.TPX.control.P610,f54.PHLC235.TPX.control.P615,f54.PHLC235.TPX.control.P619,f54.PHLC235.TPX.control.P621"
f54.PHLC235.TPX.docetaxel+sleumetinib,"f54.PHLC235.TPX.docetaxel+sleumetinib.P603,f54.PHLC235.TPX.docetaxel+sleumetinib.P607,f54.PHLC235.TPX.docetaxel+sleumetinib.P611,f54.PHLC235.TPX.docetaxel+sleumetinib.P616,f54.PHLC235.TPX.docetaxel+sleumetinib.P617,f54.PHLC235.TPX.docetaxel+sleumetinib.P618,f54.PHLC235.TPX.docetaxel+sleumetinib.P622,f54.PHLC235.TPX.docetaxel+sleumetinib.P627,f54.PHLC235.TPX.docetaxel+sleumetinib.P628,f54.PHLC235.TPX.docetaxel+sleumetinib.P631,f54.PHLC235.TPX.docetaxel+sleumetinib.P632,f54.PHLC235.TPX.docetaxel+sleumetinib.P633","f54.PHLC235.TPX.control.P605,f54.PHLC235.TPX.control.P609,f54.PHLC235.TPX.control.P610,f54.PHLC235.TPX.control.P615,f54.PHLC235.TPX.control.P619,f54.PHLC235.TPX.control.P621"
f54.PHLC235.TPX.sleumetinib,"f54.PHLC235.TPX.sleumetinib.P604,f54.PHLC235.TPX.sleumetinib.P608,f54.PHLC235.TPX.sleumetinib.P612,f54.PHLC235.TPX.sleumetinib.P613,f54.PHLC235.TPX.sleumetinib.P614,f54.PHLC235.TPX.sleumetinib.P623","f54.PHLC235.TPX.control.P605,f54.PHLC235.TPX.control.P609,f54.PHLC235.TPX.control.P610,f54.PHLC235.TPX.control.P615,f54.PHLC235.TPX.control.P619,f54.PHLC235.TPX.control.P621"
f55.PHLC235.TPX.cisplatin+vinorelbine,"f55.PHLC235.TPX.cisplatin+vinorelbine.P601,f55.PHLC235.TPX.cisplatin+vinorelbine.P602,f55.PHLC235.TPX.cisplatin+vinorelbine.P603,f55.PHLC235.TPX.cisplatin+vinorelbine.P604,f55.PHLC235.TPX.cisplatin+vinorelbine.P609,f55.PHLC235.TPX.cisplatin+vinorelbine.P613,f55.PHLC235.TPX.cisplatin+vinorelbine.P614","f55.PHLC235.TPX.control.P605,f55.PHLC235.TPX.control.P606,f55.PHLC235.TPX.control.P607,f55.PHLC235.TPX.control.P608,f55.PHLC235.TPX.control.P610,f55.PHLC235.TPX.control.P611,f55.PHLC235.TPX.control.P612"
f56.PHLC235.TPX.docetaxel,"f56.PHLC235.TPX.docetaxel.P701,f56.PHLC235.TPX.docetaxel.P706,f56.PHLC235.TPX.docetaxel.P712,f56.PHLC235.TPX.docetaxel.P714,f56.PHLC235.TPX.docetaxel.P715,f56.PHLC235.TPX.docetaxel.P720","f56.PHLC235.TPX.control.P702,f56.PHLC235.TPX.control.P716,f56.PHLC235.TPX.control.P721,f56.PHLC235.TPX.control.P724,f56.PHLC235.TPX.control.P726"
f56.PHLC235.TPX.docetaxel+sleumetinib,"f56.PHLC235.TPX.docetaxel+sleumetinib.P703,f56.PHLC235.TPX.docetaxel+sleumetinib.P704,f56.PHLC235.TPX.docetaxel+sleumetinib.P708,f56.PHLC235.TPX.docetaxel+sleumetinib.P709,f56.PHLC235.TPX.docetaxel+sleumetinib.P717,f56.PHLC235.TPX.docetaxel+sleumetinib.P718,f56.PHLC235.TPX.docetaxel+sleumetinib.P722,f56.PHLC235.TPX.docetaxel+sleumetinib.P723,f56.PHLC235.TPX.docetaxel+sleumetinib.P725,f56.PHLC235.TPX.docetaxel+sleumetinib.P727,f56.PHLC235.TPX.docetaxel+sleumetinib.P728,f56.PHLC235.TPX.docetaxel+sleumetinib.P730","f56.PHLC235.TPX.control.P702,f56.PHLC235.TPX.control.P716,f56.PHLC235.TPX.control.P721,f56.PHLC235.TPX.control.P724,f56.PHLC235.TPX.control.P726"
f56.PHLC235.TPX.sleumetinib,"f56.PHLC235.TPX.sleumetinib.P705,f56.PHLC235.TPX.sleumetinib.P707,f56.PHLC235.TPX.sleumetinib.P711,f56.PHLC235.TPX.sleumetinib.P713,f56.PHLC235.TPX.sleumetinib.P719,f56.PHLC235.TPX.sleumetinib.P729","f56.PHLC235.TPX.control.P702,f56.PHLC235.TPX.control.P716,f56.PHLC235.TPX.control.P721,f56.PHLC235.TPX.control.P724,f56.PHLC235.TPX.control.P726"
f57.PHLC655.TPX.cisplatin+vinorelbine,"f57.PHLC655.TPX.cisplatin+vinorelbine.P703,f57.PHLC655.TPX.cisplatin+vinorelbine.P705,f57.PHLC655.TPX.cisplatin+vinorelbine.P708,f57.PHLC655.TPX.cisplatin+vinorelbine.P709,f57.PHLC655.TPX.cisplatin+vinorelbine.P710,f57.PHLC655.TPX.cisplatin+vinorelbine.P712","f57.PHLC655.TPX.control.P701,f57.PHLC655.TPX.control.P702,f57.PHLC655.TPX.control.P704,f57.PHLC655.TPX.control.P706,f57.PHLC655.TPX.control.P707,f57.PHLC655.TPX.control.P711"
f58.PHLC82.TPX.cisplatin+vinorelbine,"f58.PHLC82.TPX.cisplatin+vinorelbine.P501,f58.PHLC82.TPX.cisplatin+vinorelbine.P502,f58.PHLC82.TPX.cisplatin+vinorelbine.P503,f58.PHLC82.TPX.cisplatin+vinorelbine.P505,f58.PHLC82.TPX.cisplatin+vinorelbine.P507,f58.PHLC82.TPX.cisplatin+vinorelbine.P510","f58.PHLC82.TPX.control.P504,f58.PHLC82.TPX.control.P506,f58.PHLC82.TPX.control.P508,f58.PHLC82.TPX.control.P509,f58.PHLC82.TPX.control.P511"
f60.PHLC12.TPX.gefitinib,"f60.PHLC12.TPX.gefitinib.P701,f60.PHLC12.TPX.gefitinib.P705,f60.PHLC12.TPX.gefitinib.P707,f60.PHLC12.TPX.gefitinib.P709,f60.PHLC12.TPX.gefitinib.P711","f60.PHLC12.TPX.control.P702,f60.PHLC12.TPX.control.P703,f60.PHLC12.TPX.control.P704,f60.PHLC12.TPX.control.P706,f60.PHLC12.TPX.control.P708,f60.PHLC12.TPX.control.P710,f60.PHLC12.TPX.control.P712"
f62.PHLC186.TPX.BKM120,"f62.PHLC186.TPX.BKM120.P701,f62.PHLC186.TPX.BKM120.P702,f62.PHLC186.TPX.BKM120.P705,f62.PHLC186.TPX.BKM120.P711,f62.PHLC186.TPX.BKM120.P717,f62.PHLC186.TPX.BKM120.P718","f62.PHLC186.TPX.control.P704,f62.PHLC186.TPX.control.P706,f62.PHLC186.TPX.control.P707,f62.PHLC186.TPX.control.P708,f62.PHLC186.TPX.control.P713"
f62.PHLC186.TPX.dacomitinib,"f62.PHLC186.TPX.dacomitinib.P709,f62.PHLC186.TPX.dacomitinib.P710,f62.PHLC186.TPX.dacomitinib.P712,f62.PHLC186.TPX.dacomitinib.P714,f62.PHLC186.TPX.dacomitinib.P715,f62.PHLC186.TPX.dacomitinib.P716","f62.PHLC186.TPX.control.P704,f62.PHLC186.TPX.control.P706,f62.PHLC186.TPX.control.P707,f62.PHLC186.TPX.control.P708,f62.PHLC186.TPX.control.P713"
f62.PHLC186.TPX.erlotinib,f62.PHLC186.TPX.erlotinib.P703,"f62.PHLC186.TPX.control.P704,f62.PHLC186.TPX.control.P706,f62.PHLC186.TPX.control.P707,f62.PHLC186.TPX.control.P708,f62.PHLC186.TPX.control.P713"
f63.PHLC12.TPX.erlotinib,"f63.PHLC12.TPX.erlotinib.P801,f63.PHLC12.TPX.erlotinib.P803,f63.PHLC12.TPX.erlotinib.P804,f63.PHLC12.TPX.erlotinib.P805,f63.PHLC12.TPX.erlotinib.P807","f63.PHLC12.TPX.control.P802,f63.PHLC12.TPX.control.P806,f63.PHLC12.TPX.control.P808"
f64.PHLC12.TPX.BKM120,"f64.PHLC12.TPX.BKM120.P601,f64.PHLC12.TPX.BKM120.P607,f64.PHLC12.TPX.BKM120.P608,f64.PHLC12.TPX.BKM120.P613,f64.PHLC12.TPX.BKM120.P614,f64.PHLC12.TPX.BKM120.P618","f64.PHLC12.TPX.control.P602,f64.PHLC12.TPX.control.P603,f64.PHLC12.TPX.control.P605,f64.PHLC12.TPX.control.P609,f64.PHLC12.TPX.control.P610,f64.PHLC12.TPX.control.P612,f64.PHLC12.TPX.control.P616"
f64.PHLC12.TPX.erlotinib,"f64.PHLC12.TPX.erlotinib.P604,f64.PHLC12.TPX.erlotinib.P606,f64.PHLC12.TPX.erlotinib.P611,f64.PHLC12.TPX.erlotinib.P615,f64.PHLC12.TPX.erlotinib.P617","f64.PHLC12.TPX.control.P602,f64.PHLC12.TPX.control.P603,f64.PHLC12.TPX.control.P605,f64.PHLC12.TPX.control.P609,f64.PHLC12.TPX.control.P610,f64.PHLC12.TPX.control.P612,f64.PHLC12.TPX.control.P616"
f65.PHLC12.TPX.RG7388,"f65.PHLC12.TPX.RG7388.P54,f65.PHLC12.TPX.RG7388.P55,f65.PHLC12.TPX.RG7388.P56,f65.PHLC12.TPX.RG7388.P57,f65.PHLC12.TPX.RG7388.P58,f65.PHLC12.TPX.RG7388.P59,f65.PHLC12.TPX.RG7388.P60","f65.PHLC12.TPX.control.P47,f65.PHLC12.TPX.control.P48,f65.PHLC12.TPX.control.P49,f65.PHLC12.TPX.control.P50,f65.PHLC12.TPX.control.P51,f65.PHLC12.TPX.control.P52,f65.PHLC12.TPX.control.P53"
f65.PHLC12.TPX.RG7388-50,"f65.PHLC12.TPX.RG7388-50.P61,f65.PHLC12.TPX.RG7388-50.P62,f65.PHLC12.TPX.RG7388-50.P63,f65.PHLC12.TPX.RG7388-50.P64,f65.PHLC12.TPX.RG7388-50.P65,f65.PHLC12.TPX.RG7388-50.P66","f65.PHLC12.TPX.control.P47,f65.PHLC12.TPX.control.P48,f65.PHLC12.TPX.control.P49,f65.PHLC12.TPX.control.P50,f65.PHLC12.TPX.control.P51,f65.PHLC12.TPX.control.P52,f65.PHLC12.TPX.control.P53"
f66.PHLC77.TPX.erlotinib,"f66.PHLC77.TPX.erlotinib.P1201,f66.PHLC77.TPX.erlotinib.P1203,f66.PHLC77.TPX.erlotinib.P1206,f66.PHLC77.TPX.erlotinib.P1207,f66.PHLC77.TPX.erlotinib.P1208,f66.PHLC77.TPX.erlotinib.P1209","f66.PHLC77.TPX.control.P1202,f66.PHLC77.TPX.control.P1205,f66.PHLC77.TPX.control.P1210,f66.PHLC77.TPX.control.P1212,f66.PHLC77.TPX.control.P1213,f66.PHLC77.TPX.control.P1214"
f67.PHLC77.TPX.erlotinib,"f67.PHLC77.TPX.erlotinib.P1101,f67.PHLC77.TPX.erlotinib.P1102,f67.PHLC77.TPX.erlotinib.P1103,f67.PHLC77.TPX.erlotinib.P1104,f67.PHLC77.TPX.erlotinib.P1105,f67.PHLC77.TPX.erlotinib.P1106,f67.PHLC77.TPX.erlotinib.P1107,f67.PHLC77.TPX.erlotinib.P1108,f67.PHLC77.TPX.erlotinib.P1109,f67.PHLC77.TPX.erlotinib.P1110,f67.PHLC77.TPX.erlotinib.P1111,f67.PHLC77.TPX.erlotinib.P1112,f67.PHLC77.TPX.erlotinib.P1113",
f68.PHLC77.TPX.cetuximab,"f68.PHLC77.TPX.cetuximab.P701,f68.PHLC77.TPX.cetuximab.P710,f68.PHLC77.TPX.cetuximab.P712,f68.PHLC77.TPX.cetuximab.P714,f68.PHLC77.TPX.cetuximab.P715,f68.PHLC77.TPX.cetuximab.P718,f68.PHLC77.TPX.cetuximab.P719","f68.PHLC77.TPX.control.P705,f68.PHLC77.TPX.control.P706,f68.PHLC77.TPX.control.P707,f68.PHLC77.TPX.control.P708,f68.PHLC77.TPX.control.P709,f68.PHLC77.TPX.control.P717"
f68.PHLC77.TPX.erlotinib,"f68.PHLC77.TPX.erlotinib.P702,f68.PHLC77.TPX.erlotinib.P703,f68.PHLC77.TPX.erlotinib.P704,f68.PHLC77.TPX.erlotinib.P711,f68.PHLC77.TPX.erlotinib.P713,f68.PHLC77.TPX.erlotinib.P716,f68.PHLC77.TPX.erlotinib.P720","f68.PHLC77.TPX.control.P705,f68.PHLC77.TPX.control.P706,f68.PHLC77.TPX.control.P707,f68.PHLC77.TPX.control.P708,f68.PHLC77.TPX.control.P709,f68.PHLC77.TPX.control.P717"
f69.PHLC77.TPX.afatinib,"f69.PHLC77.TPX.afatinib.P801,f69.PHLC77.TPX.afatinib.P807,f69.PHLC77.TPX.afatinib.P816,f69.PHLC77.TPX.afatinib.P817,f69.PHLC77.TPX.afatinib.P824,f69.PHLC77.TPX.afatinib.P825","f69.PHLC77.TPX.control.P802,f69.PHLC77.TPX.control.P804,f69.PHLC77.TPX.control.P805,f69.PHLC77.TPX.control.P811,f69.PHLC77.TPX.control.P822,f69.PHLC77.TPX.control.P823"
f69.PHLC77.TPX.cisplatin+vinorelbine,"f69.PHLC77.TPX.cisplatin+vinorelbine.P806,f69.PHLC77.TPX.cisplatin+vinorelbine.P808,f69.PHLC77.TPX.cisplatin+vinorelbine.P812,f69.PHLC77.TPX.cisplatin+vinorelbine.P818,f69.PHLC77.TPX.cisplatin+vinorelbine.P819,f69.PHLC77.TPX.cisplatin+vinorelbine.P820","f69.PHLC77.TPX.control.P802,f69.PHLC77.TPX.control.P804,f69.PHLC77.TPX.control.P805,f69.PHLC77.TPX.control.P811,f69.PHLC77.TPX.control.P822,f69.PHLC77.TPX.control.P823"
f69.PHLC77.TPX.dacomitinib,"f69.PHLC77.TPX.dacomitinib.P803,f69.PHLC77.TPX.dacomitinib.P810,f69.PHLC77.TPX.dacomitinib.P813,f69.PHLC77.TPX.dacomitinib.P814,f69.PHLC77.TPX.dacomitinib.P815,f69.PHLC77.TPX.dacomitinib.P821","f69.PHLC77.TPX.control.P802,f69.PHLC77.TPX.control.P804,f69.PHLC77.TPX.control.P805,f69.PHLC77.TPX.control.P811,f69.PHLC77.TPX.control.P822,f69.PHLC77.TPX.control.P823"
f70.PHLC77.TPX.afatinib,"f70.PHLC77.TPX.afatinib.P901,f70.PHLC77.TPX.afatinib.P902,f70.PHLC77.TPX.afatinib.P903,f70.PHLC77.TPX.afatinib.P904,f70.PHLC77.TPX.afatinib.P905",
f71.PHLC77.TPX.afatinib,"f71.PHLC77.TPX.afatinib.P1001,f71.PHLC77.TPX.afatinib.P1002",
f72.PHLC132.TPX.cisplatin,"f72.PHLC132.TPX.cisplatin.P406,f72.PHLC132.TPX.cisplatin.P408,f72.PHLC132.TPX.cisplatin.P409,f72.PHLC132.TPX.cisplatin.P416,f72.PHLC132.TPX.cisplatin.P426,f72.PHLC132.TPX.cisplatin.P427,f72.PHLC132.TPX.cisplatin.P433,f72.PHLC132.TPX.cisplatin.P434,f72.PHLC132.TPX.cisplatin.P435,f72.PHLC132.TPX.cisplatin.P436","f72.PHLC132.TPX.control.P402,f72.PHLC132.TPX.control.P411,f72.PHLC132.TPX.control.P412,f72.PHLC132.TPX.control.P413,f72.PHLC132.TPX.control.P432,f72.PHLC132.TPX.control.P437,f72.PHLC132.TPX.control.P438,f72.PHLC132.TPX.control.P439"
f72.PHLC132.TPX.pemetrexed,"f72.PHLC132.TPX.pemetrexed.P404,f72.PHLC132.TPX.pemetrexed.P414,f72.PHLC132.TPX.pemetrexed.P422","f72.PHLC132.TPX.control.P402,f72.PHLC132.TPX.control.P411,f72.PHLC132.TPX.control.P412,f72.PHLC132.TPX.control.P413,f72.PHLC132.TPX.control.P432,f72.PHLC132.TPX.control.P437,f72.PHLC132.TPX.control.P438,f72.PHLC132.TPX.control.P439"
f72.PHLC132.TPX.vinorelbine,"f72.PHLC132.TPX.vinorelbine.P402,f72.PHLC132.TPX.vinorelbine.P419,f72.PHLC132.TPX.vinorelbine.P420,f72.PHLC132.TPX.vinorelbine.P421,f72.PHLC132.TPX.vinorelbine.P423,f72.PHLC132.TPX.vinorelbine.P424,f72.PHLC132.TPX.vinorelbine.P429,f72.PHLC132.TPX.vinorelbine.P430,f72.PHLC132.TPX.vinorelbine.P431","f72.PHLC132.TPX.control.P402,f72.PHLC132.TPX.control.P411,f72.PHLC132.TPX.control.P412,f72.PHLC132.TPX.control.P413,f72.PHLC132.TPX.control.P432,f72.PHLC132.TPX.control.P437,f72.PHLC132.TPX.control.P438,f72.PHLC132.TPX.control.P439"
f73.PHLC140.TPX.BKM120,"f73.PHLC140.TPX.BKM120.P501,f73.PHLC140.TPX.BKM120.P502,f73.PHLC140.TPX.BKM120.P505,f73.PHLC140.TPX.BKM120.P506,f73.PHLC140.TPX.BKM120.P511,f73.PHLC140.TPX.BKM120.P512","f73.PHLC140.TPX.control.P503,f73.PHLC140.TPX.control.P504,f73.PHLC140.TPX.control.P507,f73.PHLC140.TPX.control.P508,f73.PHLC140.TPX.control.P509,f73.PHLC140.TPX.control.P510"
f74.PHLC142.TPX.cisplatin,"f74.PHLC142.TPX.cisplatin.P511,f74.PHLC142.TPX.cisplatin.P512,f74.PHLC142.TPX.cisplatin.P513,f74.PHLC142.TPX.cisplatin.P514,f74.PHLC142.TPX.cisplatin.P515,f74.PHLC142.TPX.cisplatin.P516,f74.PHLC142.TPX.cisplatin.P517,f74.PHLC142.TPX.cisplatin.P518,f74.PHLC142.TPX.cisplatin.P519,f74.PHLC142.TPX.cisplatin.P520","f74.PHLC142.TPX.control.P501,f74.PHLC142.TPX.control.P502,f74.PHLC142.TPX.control.P503,f74.PHLC142.TPX.control.P504,f74.PHLC142.TPX.control.P505,f74.PHLC142.TPX.control.P506,f74.PHLC142.TPX.control.P507,f74.PHLC142.TPX.control.P508,f74.PHLC142.TPX.control.P509,f74.PHLC142.TPX.control.P510"
f74.PHLC142.TPX.vinorelbine,"f74.PHLC142.TPX.vinorelbine.P521,f74.PHLC142.TPX.vinorelbine.P522,f74.PHLC142.TPX.vinorelbine.P523,f74.PHLC142.TPX.vinorelbine.P524,f74.PHLC142.TPX.vinorelbine.P525,f74.PHLC142.TPX.vinorelbine.P526,f74.PHLC142.TPX.vinorelbine.P527,f74.PHLC142.TPX.vinorelbine.P528,f74.PHLC142.TPX.vinorelbine.P529,f74.PHLC142.TPX.vinorelbine.P530","f74.PHLC142.TPX.control.P501,f74.PHLC142.TPX.control.P502,f74.PHLC142.TPX.control.P503,f74.PHLC142.TPX.control.P504,f74.PHLC142.TPX.control.P505,f74.PHLC142.TPX.control.P506,f74.PHLC142.TPX.control.P507,f74.PHLC142.TPX.control.P508,f74.PHLC142.TPX.control.P509,f74.PHLC142.TPX.control.P510"
f75.PHLC142.TPX.BKM120,"f75.PHLC142.TPX.BKM120.P601,f75.PHLC142.TPX.BKM120.P603,f75.PHLC142.TPX.BKM120.P606,f75.PHLC142.TPX.BKM120.P607,f75.PHLC142.TPX.BKM120.P610,f75.PHLC142.TPX.BKM120.P612","f75.PHLC142.TPX.control.P602,f75.PHLC142.TPX.control.P604,f75.PHLC142.TPX.control.P605,f75.PHLC142.TPX.control.P608,f75.PHLC142.TPX.control.P609,f75.PHLC142.TPX.control.P611"
f77.PHLC188.TPX.BKM120,"f77.PHLC188.TPX.BKM120.P601,f77.PHLC188.TPX.BKM120.P602,f77.PHLC188.TPX.BKM120.P603,f77.PHLC188.TPX.BKM120.P607,f77.PHLC188.TPX.BKM120.P609,f77.PHLC188.TPX.BKM120.P611","f77.PHLC188.TPX.control.P604,f77.PHLC188.TPX.control.P605,f77.PHLC188.TPX.control.P606,f77.PHLC188.TPX.control.P608,f77.PHLC188.TPX.control.P610,f77.PHLC188.TPX.control.P612"
f78.PHLC77.TPX.BKM120,"f78.PHLC77.TPX.BKM120.P702,f78.PHLC77.TPX.BKM120.P703,f78.PHLC77.TPX.BKM120.P704,f78.PHLC77.TPX.BKM120.P706,f78.PHLC77.TPX.BKM120.P707,f78.PHLC77.TPX.BKM120.P714","f78.PHLC77.TPX.control.P701,f78.PHLC77.TPX.control.P708,f78.PHLC77.TPX.control.P709,f78.PHLC77.TPX.control.P711,f78.PHLC77.TPX.control.P712,f78.PHLC77.TPX.control.P713"
f79.PHLC191.TPX.BKM120,"f79.PHLC191.TPX.BKM120.P801,f79.PHLC191.TPX.BKM120.P803,f79.PHLC191.TPX.BKM120.P806,f79.PHLC191.TPX.BKM120.P807,f79.PHLC191.TPX.BKM120.P811,f79.PHLC191.TPX.BKM120.P812","f79.PHLC191.TPX.control.P802,f79.PHLC191.TPX.control.P804,f79.PHLC191.TPX.control.P805,f79.PHLC191.TPX.control.P808,f79.PHLC191.TPX.control.P809,f79.PHLC191.TPX.control.P810"
f80.PHLC191.TPX.PF502,"f80.PHLC191.TPX.PF502.P10,f80.PHLC191.TPX.PF502.P15,f80.PHLC191.TPX.PF502.P29,f80.PHLC191.TPX.PF502.P3,f80.PHLC191.TPX.PF502.P34,f80.PHLC191.TPX.PF502.P42,f80.PHLC191.TPX.PF502.P46,f80.PHLC191.TPX.PF502.P49,f80.PHLC191.TPX.PF502.P67,f80.PHLC191.TPX.PF502.P79,f80.PHLC191.TPX.PF502.P83,f80.PHLC191.TPX.PF502.P87","f80.PHLC191.TPX.control.P14,f80.PHLC191.TPX.control.P27,f80.PHLC191.TPX.control.P35,f80.PHLC191.TPX.control.P37,f80.PHLC191.TPX.control.P39,f80.PHLC191.TPX.control.P48,f80.PHLC191.TPX.control.P54,f80.PHLC191.TPX.control.P6,f80.PHLC191.TPX.control.P71,f80.PHLC191.TPX.control.P73,f80.PHLC191.TPX.control.P78,f80.PHLC191.TPX.control.P81"
f80.PHLC191.TPX.dacomitinib,"f80.PHLC191.TPX.dacomitinib.P12,f80.PHLC191.TPX.dacomitinib.P17,f80.PHLC191.TPX.dacomitinib.P21,f80.PHLC191.TPX.dacomitinib.P38,f80.PHLC191.TPX.dacomitinib.P44,f80.PHLC191.TPX.dacomitinib.P60,f80.PHLC191.TPX.dacomitinib.P65,f80.PHLC191.TPX.dacomitinib.P74,f80.PHLC191.TPX.dacomitinib.P75,f80.PHLC191.TPX.dacomitinib.P80,f80.PHLC191.TPX.dacomitinib.P85,f80.PHLC191.TPX.dacomitinib.P88","f80.PHLC191.TPX.control.P14,f80.PHLC191.TPX.control.P27,f80.PHLC191.TPX.control.P35,f80.PHLC191.TPX.control.P37,f80.PHLC191.TPX.control.P39,f80.PHLC191.TPX.control.P48,f80.PHLC191.TPX.control.P54,f80.PHLC191.TPX.control.P6,f80.PHLC191.TPX.control.P71,f80.PHLC191.TPX.control.P73,f80.PHLC191.TPX.control.P78,f80.PHLC191.TPX.control.P81"
f80.PHLC191.TPX.dacomitinib+PF502,"f80.PHLC191.TPX.dacomitinib+PF502.P18,f80.PHLC191.TPX.dacomitinib+PF502.P19,f80.PHLC191.TPX.dacomitinib+PF502.P2,f80.PHLC191.TPX.dacomitinib+PF502.P20,f80.PHLC191.TPX.dacomitinib+PF502.P23,f80.PHLC191.TPX.dacomitinib+PF502.P41,f80.PHLC191.TPX.dacomitinib+PF502.P45,f80.PHLC191.TPX.dacomitinib+PF502.P52,f80.PHLC191.TPX.dacomitinib+PF502.P58,f80.PHLC191.TPX.dacomitinib+PF502.P68,f80.PHLC191.TPX.dacomitinib+PF502.P8,f80.PHLC191.TPX.dacomitinib+PF502.P84,f80.PHLC191.TPX.dacomitinib+PF502.P86","f80.PHLC191.TPX.control.P14,f80.PHLC191.TPX.control.P27,f80.PHLC191.TPX.control.P35,f80.PHLC191.TPX.control.P37,f80.PHLC191.TPX.control.P39,f80.PHLC191.TPX.control.P48,f80.PHLC191.TPX.control.P54,f80.PHLC191.TPX.control.P6,f80.PHLC191.TPX.control.P71,f80.PHLC191.TPX.control.P73,f80.PHLC191.TPX.control.P78,f80.PHLC191.TPX.control.P81"
f80.PHLC191.TPX.paclitaxel,"f80.PHLC191.TPX.paclitaxel.P26,f80.PHLC191.TPX.paclitaxel.P28,f80.PHLC191.TPX.paclitaxel.P5,f80.PHLC191.TPX.paclitaxel.P53,f80.PHLC191.TPX.paclitaxel.P56,f80.PHLC191.TPX.paclitaxel.P59,f80.PHLC191.TPX.paclitaxel.P63,f80.PHLC191.TPX.paclitaxel.P76,f80.PHLC191.TPX.paclitaxel.P77,f80.PHLC191.TPX.paclitaxel.P82,f80.PHLC191.TPX.paclitaxel.P9","f80.PHLC191.TPX.control.P14,f80.PHLC191.TPX.control.P27,f80.PHLC191.TPX.control.P35,f80.PHLC191.TPX.control.P37,f80.PHLC191.TPX.control.P39,f80.PHLC191.TPX.control.P48,f80.PHLC191.TPX.control.P54,f80.PHLC191.TPX.control.P6,f80.PHLC191.TPX.control.P71,f80.PHLC191.TPX.control.P73,f80.PHLC191.TPX.control.P78,f80.PHLC191.TPX.control.P81"
f80.PHLC191.TPX.paclitaxel+PF502,"f80.PHLC191.TPX.paclitaxel+PF502.P16,f80.PHLC191.TPX.paclitaxel+PF502.P24,f80.PHLC191.TPX.paclitaxel+PF502.P36,f80.PHLC191.TPX.paclitaxel+PF502.P4,f80.PHLC191.TPX.paclitaxel+PF502.P43,f80.PHLC191.TPX.paclitaxel+PF502.P50,f80.PHLC191.TPX.paclitaxel+PF502.P61,f80.PHLC191.TPX.paclitaxel+PF502.P7","f80.PHLC191.TPX.control.P14,f80.PHLC191.TPX.control.P27,f80.PHLC191.TPX.control.P35,f80.PHLC191.TPX.control.P37,f80.PHLC191.TPX.control.P39,f80.PHLC191.TPX.control.P48,f80.PHLC191.TPX.control.P54,f80.PHLC191.TPX.control.P6,f80.PHLC191.TPX.control.P71,f80.PHLC191.TPX.control.P73,f80.PHLC191.TPX.control.P78,f80.PHLC191.TPX.control.P81"
f81.PHLC191.TPX.PF384,"f81.PHLC191.TPX.PF384.P17,f81.PHLC191.TPX.PF384.P19,f81.PHLC191.TPX.PF384.P23,f81.PHLC191.TPX.PF384.P29,f81.PHLC191.TPX.PF384.P34,f81.PHLC191.TPX.PF384.P35,f81.PHLC191.TPX.PF384.P36,f81.PHLC191.TPX.PF384.P39,f81.PHLC191.TPX.PF384.P45,f81.PHLC191.TPX.PF384.P47,f81.PHLC191.TPX.PF384.P48,f81.PHLC191.TPX.PF384.P49,f81.PHLC191.TPX.PF384.P56,f81.PHLC191.TPX.PF384.P58","f81.PHLC191.TPX.control.P18,f81.PHLC191.TPX.control.P20,f81.PHLC191.TPX.control.P24,f81.PHLC191.TPX.control.P26,f81.PHLC191.TPX.control.P28,f81.PHLC191.TPX.control.P41,f81.PHLC191.TPX.control.P42,f81.PHLC191.TPX.control.P43,f81.PHLC191.TPX.control.P46,f81.PHLC191.TPX.control.P5,f81.PHLC191.TPX.control.P55,f81.PHLC191.TPX.control.P8"
f81.PHLC191.TPX.cisplatin,"f81.PHLC191.TPX.cisplatin.P12,f81.PHLC191.TPX.cisplatin.P13,f81.PHLC191.TPX.cisplatin.P14,f81.PHLC191.TPX.cisplatin.P16,f81.PHLC191.TPX.cisplatin.P21,f81.PHLC191.TPX.cisplatin.P31,f81.PHLC191.TPX.cisplatin.P4,f81.PHLC191.TPX.cisplatin.P40,f81.PHLC191.TPX.cisplatin.P50,f81.PHLC191.TPX.cisplatin.P52,f81.PHLC191.TPX.cisplatin.P57,f81.PHLC191.TPX.cisplatin.P60","f81.PHLC191.TPX.control.P18,f81.PHLC191.TPX.control.P20,f81.PHLC191.TPX.control.P24,f81.PHLC191.TPX.control.P26,f81.PHLC191.TPX.control.P28,f81.PHLC191.TPX.control.P41,f81.PHLC191.TPX.control.P42,f81.PHLC191.TPX.control.P43,f81.PHLC191.TPX.control.P46,f81.PHLC191.TPX.control.P5,f81.PHLC191.TPX.control.P55,f81.PHLC191.TPX.control.P8"
f81.PHLC191.TPX.cisplatin+PF384,"f81.PHLC191.TPX.cisplatin+PF384.P11,f81.PHLC191.TPX.cisplatin+PF384.P15,f81.PHLC191.TPX.cisplatin+PF384.P2,f81.PHLC191.TPX.cisplatin+PF384.P25,f81.PHLC191.TPX.cisplatin+PF384.P27,f81.PHLC191.TPX.cisplatin+PF384.P32,f81.PHLC191.TPX.cisplatin+PF384.P33,f81.PHLC191.TPX.cisplatin+PF384.P37,f81.PHLC191.TPX.cisplatin+PF384.P38,f81.PHLC191.TPX.cisplatin+PF384.P44,f81.PHLC191.TPX.cisplatin+PF384.P51,f81.PHLC191.TPX.cisplatin+PF384.P53,f81.PHLC191.TPX.cisplatin+PF384.P54,f81.PHLC191.TPX.cisplatin+PF384.P59","f81.PHLC191.TPX.control.P18,f81.PHLC191.TPX.control.P20,f81.PHLC191.TPX.control.P24,f81.PHLC191.TPX.control.P26,f81.PHLC191.TPX.control.P28,f81.PHLC191.TPX.control.P41,f81.PHLC191.TPX.control.P42,f81.PHLC191.TPX.control.P43,f81.PHLC191.TPX.control.P46,f81.PHLC191.TPX.control.P5,f81.PHLC191.TPX.control.P55,f81.PHLC191.TPX.control.P8"
f82.PHLC410.TPX.Vandetanib,"f82.PHLC410.TPX.Vandetanib.P501,f82.PHLC410.TPX.Vandetanib.P503,f82.PHLC410.TPX.Vandetanib.P504,f82.PHLC410.TPX.Vandetanib.P506,f82.PHLC410.TPX.Vandetanib.P507,f82.PHLC410.TPX.Vandetanib.P511","f82.PHLC410.TPX.control.P502,f82.PHLC410.TPX.control.P508,f82.PHLC410.TPX.control.P509,f82.PHLC410.TPX.control.P510,f82.PHLC410.TPX.control.P512,f82.PHLC410.TPX.control.P513"
f83.PHLC470.TPX.Vandetanib,"f83.PHLC470.TPX.Vandetanib.P503,f83.PHLC470.TPX.Vandetanib.P504,f83.PHLC470.TPX.Vandetanib.P508,f83.PHLC470.TPX.Vandetanib.P509,f83.PHLC470.TPX.Vandetanib.P512,f83.PHLC470.TPX.Vandetanib.P513","f83.PHLC470.TPX.control.P501,f83.PHLC470.TPX.control.P502,f83.PHLC470.TPX.control.P505,f83.PHLC470.TPX.control.P506,f83.PHLC470.TPX.control.P507,f83.PHLC470.TPX.control.P511"
